{
  "total_comments": 156655,
  "total_videos": 342,
  "total_programs": 36,
  "hate_count": 152518,
  "hate_ratio": 0.9735916504420542,
  "avg_hate_score": 0.9238944894023838,
  "max_hate_score": 0.9894288182258606,
  "avg_prob_None": 0.8967047167472744,
  "avg_prob_기타 혐오": 0.012142967010216355,
  "avg_prob_남성": 0.00927376757059515,
  "avg_prob_단순 악플": 0.03238191407359417,
  "avg_prob_성소수자": 0.00782105451536728,
  "avg_prob_여성/가족": 0.04212129008789198,
  "avg_prob_연령": 0.004724804178433593,
  "avg_prob_인종/국적": 0.009203293381857602,
  "avg_prob_종교": 0.004899919380422324,
  "avg_prob_지역": 0.004820978422966076
}