{
  "total_comments": 156655,
  "total_videos": 342,
  "total_programs": 36,
  "avg_confidence": 0.6096609053920403,
  "angry_count": 43679,
  "angry_ratio": 0.278822891066356,
  "anxious_count": 8348,
  "anxious_ratio": 0.05328907471833009,
  "embarrassed_count": 23474,
  "embarrassed_ratio": 0.1498452012383901,
  "happy_count": 47405,
  "happy_ratio": 0.3026076409945421,
  "heartache_count": 7403,
  "heartache_ratio": 0.04725671060610897,
  "sad_count": 26344,
  "sad_ratio": 0.1681657144680987,
  "avg_prob_angry": 0.2406760831781193,
  "avg_prob_anxious": 0.09183485764091429,
  "avg_prob_embarrassed": 0.14767067786112073,
  "avg_prob_happy": 0.26883914577675827,
  "avg_prob_heartache": 0.08675845956441057,
  "avg_prob_sad": 0.16420800886299472
}